graph_density,alpha,beta,num_cities,split_count,improvement_factor,tour_sequence,distances_between_cities,gold_carried_at_each_step,status,error
0.05,1e-08,0.0001,15,1,3.1006,"[14, 13, 12, 11, 10, 9, 8, 7, 6, 5, 4, 3, 2, 1, 0]","[0.7115, 0.3462, 0.7245, 0.579, 0.2857, 0.6301, 0.1976, 0.6284, 0.2922, 0.5346, 0.7165, 0.6934, 0.8135, 0.4093]","[313.0543, 1013.6191, 1846.4646, 2284.1794, 2954.3236, 3182.006, 3658.2352, 3789.0268, 3979.3087, 4449.395, 4820.4842, 5146.9837, 6114.526, 6859.5434, 0.0]",success,
0.05,1e-08,0.001,15,1,3.0997,"[2, 3, 4, 5, 6, 7, 8, 9, 10, 11, 14, 13, 12, 1, 0]","[0.6934, 0.7165, 0.5346, 0.2922, 0.6284, 0.1976, 0.6301, 0.2857, 0.579, 1.7822, 0.7115, 0.3462, 0.5091, 0.4093]","[967.5422, 1294.0418, 1665.131, 2135.2173, 2325.4991, 2456.2907, 2932.52, 3160.2024, 3830.3466, 4268.0613, 4581.1156, 5281.6804, 6114.526, 6859.5434, 0.0]",success,
0.05,1e-08,0.01,15,1,3.0942,"[14, 13, 12, 11, 10, 9, 8, 7, 6, 5, 4, 3, 2, 1, 0]","[0.7115, 0.3462, 0.7245, 0.579, 0.2857, 0.6301, 0.1976, 0.6284, 0.2922, 0.5346, 0.7165, 0.6934, 0.8135, 0.4093]","[313.0543, 1013.6191, 1846.4646, 2284.1794, 2954.3236, 3182.006, 3658.2352, 3789.0268, 3979.3087, 4449.395, 4820.4842, 5146.9837, 6114.526, 6859.5434, 0.0]",success,
0.05,1e-08,0.3,15,1,3.552,"[2, 3, 4, 5, 6, 7, 8, 9, 10, 11, 14, 13, 12, 1, 0]","[0.6934, 0.7165, 0.5346, 0.2922, 0.6284, 0.1976, 0.6301, 0.2857, 0.579, 1.7822, 0.7115, 0.3462, 0.5091, 0.4093]","[967.5422, 1294.0418, 1665.131, 2135.2173, 2325.4991, 2456.2907, 2932.52, 3160.2024, 3830.3466, 4268.0613, 4581.1156, 5281.6804, 6114.526, 6859.5434, 0.0]",success,
0.05,1e-08,1.0,15,1,3.6676,"[2, 3, 4, 5, 6, 7, 8, 9, 10, 11, 14, 13, 12, 1, 0]","[0.6934, 0.7165, 0.5346, 0.2922, 0.6284, 0.1976, 0.6301, 0.2857, 0.579, 1.7822, 0.7115, 0.3462, 0.5091, 0.4093]","[967.5422, 1294.0418, 1665.131, 2135.2173, 2325.4991, 2456.2907, 2932.52, 3160.2024, 3830.3466, 4268.0613, 4581.1156, 5281.6804, 6114.526, 6859.5434, 0.0]",success,
0.05,1e-06,0.0001,15,1,3.1005,"[14, 13, 12, 11, 10, 9, 8, 7, 6, 5, 4, 3, 2, 1, 0]","[0.7115, 0.3462, 0.7245, 0.579, 0.2857, 0.6301, 0.1976, 0.6284, 0.2922, 0.5346, 0.7165, 0.6934, 0.8135, 0.4093]","[313.0543, 1013.6191, 1846.4646, 2284.1794, 2954.3236, 3182.006, 3658.2352, 3789.0268, 3979.3087, 4449.395, 4820.4842, 5146.9837, 6114.526, 6859.5434, 0.0]",success,
0.05,1e-06,0.001,15,1,3.0987,"[2, 3, 4, 5, 6, 7, 8, 9, 10, 11, 14, 13, 12, 1, 0]","[0.6934, 0.7165, 0.5346, 0.2922, 0.6284, 0.1976, 0.6301, 0.2857, 0.579, 1.7822, 0.7115, 0.3462, 0.5091, 0.4093]","[967.5422, 1294.0418, 1665.131, 2135.2173, 2325.4991, 2456.2907, 2932.52, 3160.2024, 3830.3466, 4268.0613, 4581.1156, 5281.6804, 6114.526, 6859.5434, 0.0]",success,
0.05,1e-06,0.01,15,1,3.082,"[2, 3, 4, 5, 6, 7, 8, 9, 10, 11, 14, 13, 12, 1, 0]","[0.6934, 0.7165, 0.5346, 0.2922, 0.6284, 0.1976, 0.6301, 0.2857, 0.579, 1.7822, 0.7115, 0.3462, 0.5091, 0.4093]","[967.5422, 1294.0418, 1665.131, 2135.2173, 2325.4991, 2456.2907, 2932.52, 3160.2024, 3830.3466, 4268.0613, 4581.1156, 5281.6804, 6114.526, 6859.5434, 0.0]",success,
0.05,1e-06,0.3,15,1,3.2685,"[2, 3, 4, 5, 6, 7, 8, 10, 9, 11, 14, 13, 12, 1, 0]","[0.6934, 0.7165, 0.5346, 0.2922, 0.6284, 0.1976, 0.9158, 0.2857, 0.298, 1.7822, 0.7115, 0.3462, 0.5091, 0.4093]","[967.5422, 1294.0418, 1665.131, 2135.2173, 2325.4991, 2456.2907, 2932.52, 3602.6641, 3830.3466, 4268.0613, 4581.1156, 5281.6804, 6114.526, 6859.5434, 0.0]",success,
0.05,1e-06,1.0,15,1,3.658,"[14, 13, 12, 11, 10, 9, 8, 7, 6, 5, 4, 3, 2, 1, 0]","[0.7115, 0.3462, 0.7245, 0.579, 0.2857, 0.6301, 0.1976, 0.6284, 0.2922, 0.5346, 0.7165, 0.6934, 0.8135, 0.4093]","[313.0543, 1013.6191, 1846.4646, 2284.1794, 2954.3236, 3182.006, 3658.2352, 3789.0268, 3979.3087, 4449.395, 4820.4842, 5146.9837, 6114.526, 6859.5434, 0.0]",success,
0.05,0.0001,0.0001,15,1,3.1004,"[14, 13, 12, 11, 10, 9, 8, 7, 6, 5, 4, 3, 2, 1, 0]","[0.7115, 0.3462, 0.7245, 0.579, 0.2857, 0.6301, 0.1976, 0.6284, 0.2922, 0.5346, 0.7165, 0.6934, 0.8135, 0.4093]","[313.0543, 1013.6191, 1846.4646, 2284.1794, 2954.3236, 3182.006, 3658.2352, 3789.0268, 3979.3087, 4449.395, 4820.4842, 5146.9837, 6114.526, 6859.5434, 0.0]",success,
0.05,0.0001,0.001,15,1,3.0976,"[2, 3, 4, 5, 6, 7, 8, 9, 10, 11, 14, 13, 12, 1, 0]","[0.6934, 0.7165, 0.5346, 0.2922, 0.6284, 0.1976, 0.6301, 0.2857, 0.579, 1.7822, 0.7115, 0.3462, 0.5091, 0.4093]","[967.5422, 1294.0418, 1665.131, 2135.2173, 2325.4991, 2456.2907, 2932.52, 3160.2024, 3830.3466, 4268.0613, 4581.1156, 5281.6804, 6114.526, 6859.5434, 0.0]",success,
0.05,0.0001,0.01,15,1,3.0701,"[2, 3, 4, 5, 6, 7, 8, 9, 10, 11, 12, 13, 14, 1, 0]","[0.6934, 0.7165, 0.5346, 0.2922, 0.6284, 0.1976, 0.6301, 0.2857, 0.579, 0.7245, 0.3462, 0.7115, 1.5668, 0.4093]","[967.5422, 1294.0418, 1665.131, 2135.2173, 2325.4991, 2456.2907, 2932.52, 3160.2024, 3830.3466, 4268.0613, 5100.9069, 5801.4717, 6114.526, 6859.5434, 0.0]",success,
0.05,0.0001,0.3,15,2,2.724,"[7, 6, 5, 4, 3, 2, 0, 8, 9, 10, 11, 14, 13, 12, 1, 0]","[0.6284, 0.2922, 0.5346, 0.7165, 0.6934, 1.2228, 0.4396, 0.6301, 0.2857, 0.579, 1.7822, 0.7115, 0.3462, 0.5091, 0.4093]","[130.7916, 321.0735, 791.1597, 1162.249, 1488.7485, 2456.2907, 0.0, 476.2292, 703.9117, 1374.0558, 1811.7706, 2124.8249, 2825.3897, 3658.2352, 4403.2526, 0.0]",success,
0.05,0.0001,1.0,15,2,3.0434,"[14, 13, 12, 11, 10, 9, 8, 0, 7, 6, 5, 4, 3, 2, 1, 0]","[0.7115, 0.3462, 0.7245, 0.579, 0.2857, 0.6301, 0.4396, 0.6372, 0.6284, 0.2922, 0.5346, 0.7165, 0.6934, 0.8135, 0.4093]","[313.0543, 1013.6191, 1846.4646, 2284.1794, 2954.3236, 3182.006, 3658.2352, 0.0, 130.7916, 321.0735, 791.1597, 1162.249, 1488.7485, 2456.2907, 3201.3081, 0.0]",success,
0.05,1,0.0001,15,1,3.1002,"[14, 13, 12, 11, 10, 9, 8, 7, 6, 5, 4, 3, 2, 1, 0]","[0.7115, 0.3462, 0.7245, 0.579, 0.2857, 0.6301, 0.1976, 0.6284, 0.2922, 0.5346, 0.7165, 0.6934, 0.8135, 0.4093]","[313.0543, 1013.6191, 1846.4646, 2284.1794, 2954.3236, 3182.006, 3658.2352, 3789.0268, 3979.3087, 4449.395, 4820.4842, 5146.9837, 6114.526, 6859.5434, 0.0]",success,
0.05,1,0.001,15,1,3.0955,"[2, 3, 4, 5, 6, 7, 8, 9, 10, 11, 14, 13, 12, 1, 0]","[0.6934, 0.7165, 0.5346, 0.2922, 0.6284, 0.1976, 0.6301, 0.2857, 0.579, 1.7822, 0.7115, 0.3462, 0.5091, 0.4093]","[967.5422, 1294.0418, 1665.131, 2135.2173, 2325.4991, 2456.2907, 2932.52, 3160.2024, 3830.3466, 4268.0613, 4581.1156, 5281.6804, 6114.526, 6859.5434, 0.0]",success,
0.05,1,0.01,15,1,3.0484,"[2, 3, 4, 5, 6, 7, 8, 9, 10, 11, 14, 13, 12, 1, 0]","[0.6934, 0.7165, 0.5346, 0.2922, 0.6284, 0.1976, 0.6301, 0.2857, 0.579, 1.7822, 0.7115, 0.3462, 0.5091, 0.4093]","[967.5422, 1294.0418, 1665.131, 2135.2173, 2325.4991, 2456.2907, 2932.52, 3160.2024, 3830.3466, 4268.0613, 4581.1156, 5281.6804, 6114.526, 6859.5434, 0.0]",success,
0.05,1,0.3,15,5,2.1432,"[6, 5, 4, 3, 2, 0, 7, 8, 0, 1, 0, 14, 13, 12, 0, 11, 9, 10, 0]","[0.2922, 0.5346, 0.7165, 0.6934, 1.2228, 0.6372, 0.1976, 0.4396, 0.4093, 0.4093, 1.9762, 0.7115, 0.3462, 0.9184, 1.3677, 0.298, 0.2857, 1.3554]","[190.2819, 660.3681, 1031.4574, 1357.9569, 2325.4991, 0.0, 130.7916, 607.0208, 0.0, 745.0174, 0.0, 313.0543, 1013.6191, 1846.4646, 0.0, 437.7148, 665.3972, 1335.5414, 0.0]",success,
0.05,1,1.0,15,5,1.0021,"[14, 13, 12, 0, 10, 9, 8, 0, 3, 2, 1, 0, 4, 5, 6, 7, 0, 11, 0]","[0.7115, 0.3462, 0.9184, 1.3554, 0.2857, 0.6301, 0.4396, 1.9162, 0.6934, 0.8135, 0.4093, 2.0924, 0.5346, 0.2922, 0.6284, 0.6372, 1.3677, 1.3677]","[313.0543, 1013.6191, 1846.4646, 0.0, 670.1442, 897.8266, 1374.0558, 0.0, 326.4995, 1294.0418, 2039.0591, 0.0, 371.0892, 841.1755, 1031.4574, 1162.249, 0.0, 437.7148, 0.0]",success,
0.05,10000,0.0001,15,1,3.0999,"[2, 3, 4, 5, 6, 7, 8, 9, 10, 11, 14, 13, 12, 1, 0]","[0.6934, 0.7165, 0.5346, 0.2922, 0.6284, 0.1976, 0.6301, 0.2857, 0.579, 1.7822, 0.7115, 0.3462, 0.5091, 0.4093]","[967.5422, 1294.0418, 1665.131, 2135.2173, 2325.4991, 2456.2907, 2932.52, 3160.2024, 3830.3466, 4268.0613, 4581.1156, 5281.6804, 6114.526, 6859.5434, 0.0]",success,
0.05,10000,0.001,15,1,3.0934,"[2, 3, 4, 5, 6, 7, 8, 9, 10, 11, 14, 13, 12, 1, 0]","[0.6934, 0.7165, 0.5346, 0.2922, 0.6284, 0.1976, 0.6301, 0.2857, 0.579, 1.7822, 0.7115, 0.3462, 0.5091, 0.4093]","[967.5422, 1294.0418, 1665.131, 2135.2173, 2325.4991, 2456.2907, 2932.52, 3160.2024, 3830.3466, 4268.0613, 4581.1156, 5281.6804, 6114.526, 6859.5434, 0.0]",success,
0.05,10000,0.01,15,1,3.0265,"[2, 3, 4, 5, 6, 7, 8, 9, 10, 11, 14, 13, 12, 1, 0]","[0.6934, 0.7165, 0.5346, 0.2922, 0.6284, 0.1976, 0.6301, 0.2857, 0.579, 1.7822, 0.7115, 0.3462, 0.5091, 0.4093]","[967.5422, 1294.0418, 1665.131, 2135.2173, 2325.4991, 2456.2907, 2932.52, 3160.2024, 3830.3466, 4268.0613, 4581.1156, 5281.6804, 6114.526, 6859.5434, 0.0]",success,
0.05,10000,0.3,15,6,2.1399,"[14, 13, 12, 0, 7, 8, 0, 4, 3, 2, 0, 1, 0, 6, 5, 0, 11, 9, 10, 0]","[0.7115, 0.3462, 0.9184, 0.6372, 0.1976, 0.4396, 2.0924, 0.7165, 0.6934, 1.2228, 0.4093, 0.4093, 1.2656, 0.2922, 1.5578, 1.3677, 0.298, 0.2857, 1.3554]","[313.0543, 1013.6191, 1846.4646, 0.0, 130.7916, 607.0208, 0.0, 371.0892, 697.5888, 1665.131, 0.0, 745.0174, 0.0, 190.2819, 660.3681, 0.0, 437.7148, 665.3972, 1335.5414, 0.0]",success,
0.05,10000,1.0,15,11,1.0,"[9, 0, 2, 0, 11, 0, 13, 0, 1, 0, 10, 0, 4, 5, 8, 0, 14, 12, 0, 3, 0, 7, 0, 6, 0]","[1.0697, 1.2228, 1.2228, 1.3677, 1.3677, 1.2647, 1.2647, 0.4093, 0.4093, 1.3554, 1.3554, 2.0924, 0.5346, 1.1182, 0.4396, 1.9762, 1.0578, 0.9184, 1.9162, 1.9162, 0.6372, 0.6372, 1.2656, 1.2656]","[227.6824, 0.0, 967.5422, 0.0, 437.7148, 0.0, 700.5648, 0.0, 745.0174, 0.0, 670.1442, 0.0, 371.0892, 841.1755, 1317.4047, 0.0, 313.0543, 1145.8998, 0.0, 326.4995, 0.0, 130.7916, 0.0, 190.2819, 0.0]",success,
0.05,1000000,0.0001,15,1,3.0998,"[2, 3, 4, 5, 6, 7, 8, 9, 10, 11, 14, 13, 12, 1, 0]","[0.6934, 0.7165, 0.5346, 0.2922, 0.6284, 0.1976, 0.6301, 0.2857, 0.579, 1.7822, 0.7115, 0.3462, 0.5091, 0.4093]","[967.5422, 1294.0418, 1665.131, 2135.2173, 2325.4991, 2456.2907, 2932.52, 3160.2024, 3830.3466, 4268.0613, 4581.1156, 5281.6804, 6114.526, 6859.5434, 0.0]",success,
0.05,1000000,0.001,15,1,3.0923,"[2, 3, 4, 5, 6, 7, 8, 9, 10, 11, 14, 13, 12, 1, 0]","[0.6934, 0.7165, 0.5346, 0.2922, 0.6284, 0.1976, 0.6301, 0.2857, 0.579, 1.7822, 0.7115, 0.3462, 0.5091, 0.4093]","[967.5422, 1294.0418, 1665.131, 2135.2173, 2325.4991, 2456.2907, 2932.52, 3160.2024, 3830.3466, 4268.0613, 4581.1156, 5281.6804, 6114.526, 6859.5434, 0.0]",success,
0.05,1000000,0.01,15,1,3.0158,"[2, 3, 4, 5, 6, 7, 8, 9, 10, 11, 14, 13, 12, 1, 0]","[0.6934, 0.7165, 0.5346, 0.2922, 0.6284, 0.1976, 0.6301, 0.2857, 0.579, 1.7822, 0.7115, 0.3462, 0.5091, 0.4093]","[967.5422, 1294.0418, 1665.131, 2135.2173, 2325.4991, 2456.2907, 2932.52, 3160.2024, 3830.3466, 4268.0613, 4581.1156, 5281.6804, 6114.526, 6859.5434, 0.0]",success,
0.05,1000000,0.3,15,6,2.1409,"[14, 13, 12, 0, 11, 9, 10, 0, 6, 5, 0, 1, 0, 7, 8, 0, 4, 3, 2, 0]","[0.7115, 0.3462, 0.9184, 1.3677, 0.298, 0.2857, 1.3554, 1.2656, 0.2922, 1.5578, 0.4093, 0.4093, 0.6372, 0.1976, 0.4396, 2.0924, 0.7165, 0.6934, 1.2228]","[313.0543, 1013.6191, 1846.4646, 0.0, 437.7148, 665.3972, 1335.5414, 0.0, 190.2819, 660.3681, 0.0, 745.0174, 0.0, 130.7916, 607.0208, 0.0, 371.0892, 697.5888, 1665.131, 0.0]",success,
0.05,1000000,1.0,15,12,1.0,"[3, 0, 12, 0, 10, 0, 8, 0, 9, 0, 5, 0, 4, 6, 0, 2, 0, 7, 0, 14, 1, 0, 13, 0, 11, 0]","[1.9162, 0.9184, 0.9184, 1.3554, 1.3554, 0.4396, 0.4396, 1.0697, 1.0697, 1.5578, 1.5578, 2.0924, 0.8268, 1.2656, 1.2228, 1.2228, 0.6372, 0.6372, 1.9762, 1.5668, 0.4093, 1.2647, 1.2647, 1.3677, 1.3677]","[326.4995, 0.0, 832.8455, 0.0, 670.1442, 0.0, 476.2292, 0.0, 227.6824, 0.0, 470.0863, 0.0, 371.0892, 561.3711, 0.0, 967.5422, 0.0, 130.7916, 0.0, 313.0543, 1058.0717, 0.0, 700.5648, 0.0, 437.7148, 0.0]",success,
0.05,10000000.0,0.0001,15,1,3.0998,"[2, 3, 4, 5, 6, 7, 8, 9, 10, 11, 14, 13, 12, 1, 0]","[0.6934, 0.7165, 0.5346, 0.2922, 0.6284, 0.1976, 0.6301, 0.2857, 0.579, 1.7822, 0.7115, 0.3462, 0.5091, 0.4093]","[967.5422, 1294.0418, 1665.131, 2135.2173, 2325.4991, 2456.2907, 2932.52, 3160.2024, 3830.3466, 4268.0613, 4581.1156, 5281.6804, 6114.526, 6859.5434, 0.0]",success,
0.05,10000000.0,0.001,15,1,3.0918,"[2, 3, 4, 5, 6, 7, 8, 9, 10, 11, 14, 13, 12, 1, 0]","[0.6934, 0.7165, 0.5346, 0.2922, 0.6284, 0.1976, 0.6301, 0.2857, 0.579, 1.7822, 0.7115, 0.3462, 0.5091, 0.4093]","[967.5422, 1294.0418, 1665.131, 2135.2173, 2325.4991, 2456.2907, 2932.52, 3160.2024, 3830.3466, 4268.0613, 4581.1156, 5281.6804, 6114.526, 6859.5434, 0.0]",success,
0.05,10000000.0,0.01,15,1,3.0104,"[2, 3, 4, 5, 6, 7, 8, 9, 10, 11, 14, 13, 12, 1, 0]","[0.6934, 0.7165, 0.5346, 0.2922, 0.6284, 0.1976, 0.6301, 0.2857, 0.579, 1.7822, 0.7115, 0.3462, 0.5091, 0.4093]","[967.5422, 1294.0418, 1665.131, 2135.2173, 2325.4991, 2456.2907, 2932.52, 3160.2024, 3830.3466, 4268.0613, 4581.1156, 5281.6804, 6114.526, 6859.5434, 0.0]",success,
0.05,10000000.0,0.3,15,6,2.141,"[11, 9, 10, 0, 1, 0, 7, 8, 0, 6, 5, 0, 4, 3, 2, 0, 14, 13, 12, 0]","[0.298, 0.2857, 1.3554, 0.4093, 0.4093, 0.6372, 0.1976, 0.4396, 1.2656, 0.2922, 1.5578, 2.0924, 0.7165, 0.6934, 1.2228, 1.9762, 0.7115, 0.3462, 0.9184]","[437.7148, 665.3972, 1335.5414, 0.0, 745.0174, 0.0, 130.7916, 607.0208, 0.0, 190.2819, 660.3681, 0.0, 371.0892, 697.5888, 1665.131, 0.0, 313.0543, 1013.6191, 1846.4646, 0.0]",success,
0.05,10000000.0,1.0,15,13,1.0,"[4, 0, 2, 0, 5, 0, 10, 0, 6, 8, 0, 12, 0, 13, 0, 14, 0, 9, 0, 1, 0, 3, 0, 11, 0, 7, 0]","[2.0924, 1.2228, 1.2228, 1.5578, 1.5578, 1.3554, 1.3554, 1.2656, 0.826, 0.4396, 0.9184, 0.9184, 1.2647, 1.2647, 1.9762, 1.9762, 1.0697, 1.0697, 0.4093, 0.4093, 1.9162, 1.9162, 1.3677, 1.3677, 0.6372, 0.6372]","[371.0892, 0.0, 967.5422, 0.0, 470.0863, 0.0, 670.1442, 0.0, 190.2819, 666.5111, 0.0, 832.8455, 0.0, 700.5648, 0.0, 313.0543, 0.0, 227.6824, 0.0, 745.0174, 0.0, 326.4995, 0.0, 437.7148, 0.0, 130.7916, 0.0]",success,
0.95,1e-08,0.0001,15,1,1.4542,"[4, 7, 13, 8, 12, 10, 9, 1, 11, 3, 6, 5, 2, 14, 0]","[0.3863, 0.1849, 0.0901, 0.2592, 0.1612, 0.2857, 0.0726, 0.2256, 0.2353, 0.1229, 0.2922, 0.2809, 0.2987, 0.3912]","[371.0892, 501.8808, 1202.4457, 1678.6749, 2511.5204, 3181.6646, 3409.347, 4154.3644, 4592.0792, 4918.5787, 5108.8606, 5578.9469, 6546.4891, 6859.5434, 0.0]",success,
0.95,1e-08,0.001,15,1,1.4572,"[4, 7, 13, 8, 12, 10, 9, 1, 11, 3, 6, 5, 2, 14, 0]","[0.3863, 0.1849, 0.0901, 0.2592, 0.1612, 0.2857, 0.0726, 0.2256, 0.2353, 0.1229, 0.2922, 0.2809, 0.2987, 0.3912]","[371.0892, 501.8808, 1202.4457, 1678.6749, 2511.5204, 3181.6646, 3409.347, 4154.3644, 4592.0792, 4918.5787, 5108.8606, 5578.9469, 6546.4891, 6859.5434, 0.0]",success,
0.95,1e-08,0.01,15,1,1.4895,"[4, 7, 13, 8, 12, 10, 9, 1, 11, 3, 6, 5, 2, 14, 0]","[0.3863, 0.1849, 0.0901, 0.2592, 0.1612, 0.2857, 0.0726, 0.2256, 0.2353, 0.1229, 0.2922, 0.2809, 0.2987, 0.3912]","[371.0892, 501.8808, 1202.4457, 1678.6749, 2511.5204, 3181.6646, 3409.347, 4154.3644, 4592.0792, 4918.5787, 5108.8606, 5578.9469, 6546.4891, 6859.5434, 0.0]",success,
0.95,1e-08,0.3,15,1,2.9455,"[4, 7, 13, 8, 12, 10, 9, 1, 11, 3, 6, 5, 2, 14, 0]","[0.3863, 0.1849, 0.0901, 0.2592, 0.1612, 0.2857, 0.0726, 0.2256, 0.2353, 0.1229, 0.2922, 0.2809, 0.2987, 0.3912]","[371.0892, 501.8808, 1202.4457, 1678.6749, 2511.5204, 3181.6646, 3409.347, 4154.3644, 4592.0792, 4918.5787, 5108.8606, 5578.9469, 6546.4891, 6859.5434, 0.0]",success,
0.95,1e-08,1.0,15,1,3.1888,"[4, 7, 13, 8, 12, 10, 9, 1, 11, 3, 6, 5, 2, 14, 0]","[0.3863, 0.1849, 0.0901, 0.2592, 0.1612, 0.2857, 0.0726, 0.2256, 0.2353, 0.1229, 0.2922, 0.2809, 0.2987, 0.3912]","[371.0892, 501.8808, 1202.4457, 1678.6749, 2511.5204, 3181.6646, 3409.347, 4154.3644, 4592.0792, 4918.5787, 5108.8606, 5578.9469, 6546.4891, 6859.5434, 0.0]",success,
0.95,1e-06,0.0001,15,1,1.454,"[4, 7, 13, 8, 12, 10, 9, 1, 11, 3, 6, 5, 2, 14, 0]","[0.3863, 0.1849, 0.0901, 0.2592, 0.1612, 0.2857, 0.0726, 0.2256, 0.2353, 0.1229, 0.2922, 0.2809, 0.2987, 0.3912]","[371.0892, 501.8808, 1202.4457, 1678.6749, 2511.5204, 3181.6646, 3409.347, 4154.3644, 4592.0792, 4918.5787, 5108.8606, 5578.9469, 6546.4891, 6859.5434, 0.0]",success,
0.95,1e-06,0.001,15,1,1.4556,"[4, 7, 13, 8, 12, 10, 9, 1, 11, 3, 6, 5, 2, 14, 0]","[0.3863, 0.1849, 0.0901, 0.2592, 0.1612, 0.2857, 0.0726, 0.2256, 0.2353, 0.1229, 0.2922, 0.2809, 0.2987, 0.3912]","[371.0892, 501.8808, 1202.4457, 1678.6749, 2511.5204, 3181.6646, 3409.347, 4154.3644, 4592.0792, 4918.5787, 5108.8606, 5578.9469, 6546.4891, 6859.5434, 0.0]",success,
0.95,1e-06,0.01,15,1,1.4719,"[4, 7, 13, 8, 12, 10, 9, 1, 11, 3, 6, 5, 2, 14, 0]","[0.3863, 0.1849, 0.0901, 0.2592, 0.1612, 0.2857, 0.0726, 0.2256, 0.2353, 0.1229, 0.2922, 0.2809, 0.2987, 0.3912]","[371.0892, 501.8808, 1202.4457, 1678.6749, 2511.5204, 3181.6646, 3409.347, 4154.3644, 4592.0792, 4918.5787, 5108.8606, 5578.9469, 6546.4891, 6859.5434, 0.0]",success,
0.95,1e-06,0.3,15,1,2.4373,"[4, 7, 13, 8, 12, 10, 9, 1, 11, 3, 6, 5, 2, 14, 0]","[0.3863, 0.1849, 0.0901, 0.2592, 0.1612, 0.2857, 0.0726, 0.2256, 0.2353, 0.1229, 0.2922, 0.2809, 0.2987, 0.3912]","[371.0892, 501.8808, 1202.4457, 1678.6749, 2511.5204, 3181.6646, 3409.347, 4154.3644, 4592.0792, 4918.5787, 5108.8606, 5578.9469, 6546.4891, 6859.5434, 0.0]",success,
0.95,1e-06,1.0,15,1,3.1789,"[14, 2, 5, 6, 3, 11, 1, 9, 10, 12, 8, 13, 7, 4, 0]","[0.2987, 0.2809, 0.2922, 0.1229, 0.2353, 0.2256, 0.0726, 0.2857, 0.1612, 0.2592, 0.0901, 0.1849, 0.3863, 0.3752]","[313.0543, 1280.5965, 1750.6828, 1940.9646, 2267.4642, 2705.1789, 3450.1963, 3677.8788, 4348.023, 5180.8685, 5657.0977, 6357.6625, 6488.4541, 6859.5434, 0.0]",success,
0.95,0.0001,0.0001,15,1,1.4539,"[4, 7, 13, 8, 12, 10, 9, 1, 11, 3, 6, 5, 2, 14, 0]","[0.3863, 0.1849, 0.0901, 0.2592, 0.1612, 0.2857, 0.0726, 0.2256, 0.2353, 0.1229, 0.2922, 0.2809, 0.2987, 0.3912]","[371.0892, 501.8808, 1202.4457, 1678.6749, 2511.5204, 3181.6646, 3409.347, 4154.3644, 4592.0792, 4918.5787, 5108.8606, 5578.9469, 6546.4891, 6859.5434, 0.0]",success,
0.95,0.0001,0.001,15,1,1.4539,"[4, 7, 13, 8, 12, 10, 9, 1, 11, 3, 6, 5, 2, 14, 0]","[0.3863, 0.1849, 0.0901, 0.2592, 0.1612, 0.2857, 0.0726, 0.2256, 0.2353, 0.1229, 0.2922, 0.2809, 0.2987, 0.3912]","[371.0892, 501.8808, 1202.4457, 1678.6749, 2511.5204, 3181.6646, 3409.347, 4154.3644, 4592.0792, 4918.5787, 5108.8606, 5578.9469, 6546.4891, 6859.5434, 0.0]",success,
0.95,0.0001,0.01,15,1,1.4547,"[4, 7, 13, 8, 12, 10, 9, 1, 11, 3, 6, 5, 2, 14, 0]","[0.3863, 0.1849, 0.0901, 0.2592, 0.1612, 0.2857, 0.0726, 0.2256, 0.2353, 0.1229, 0.2922, 0.2809, 0.2987, 0.3912]","[371.0892, 501.8808, 1202.4457, 1678.6749, 2511.5204, 3181.6646, 3409.347, 4154.3644, 4592.0792, 4918.5787, 5108.8606, 5578.9469, 6546.4891, 6859.5434, 0.0]",success,
0.95,0.0001,0.3,15,2,1.7406,"[4, 7, 13, 8, 12, 10, 0, 9, 1, 11, 3, 6, 5, 2, 14, 0]","[0.3863, 0.1849, 0.0901, 0.2592, 0.1612, 0.2963, 0.3531, 0.0726, 0.2256, 0.2353, 0.1229, 0.2922, 0.2809, 0.2987, 0.3912]","[371.0892, 501.8808, 1202.4457, 1678.6749, 2511.5204, 3181.6646, 0.0, 227.6824, 972.6998, 1410.4146, 1736.9141, 1927.196, 2397.2823, 3364.8245, 3677.8788, 0.0]",success,
0.95,0.0001,1.0,15,2,2.5576,"[4, 7, 13, 8, 12, 10, 0, 9, 1, 11, 3, 6, 5, 2, 14, 0]","[0.3863, 0.1849, 0.0901, 0.2592, 0.1612, 0.2963, 0.3531, 0.0726, 0.2256, 0.2353, 0.1229, 0.2922, 0.2809, 0.2987, 0.3912]","[371.0892, 501.8808, 1202.4457, 1678.6749, 2511.5204, 3181.6646, 0.0, 227.6824, 972.6998, 1410.4146, 1736.9141, 1927.196, 2397.2823, 3364.8245, 3677.8788, 0.0]",success,
0.95,1,0.0001,15,1,1.4535,"[4, 7, 13, 8, 12, 10, 9, 1, 11, 3, 6, 5, 2, 14, 0]","[0.3863, 0.1849, 0.0901, 0.2592, 0.1612, 0.2857, 0.0726, 0.2256, 0.2353, 0.1229, 0.2922, 0.2809, 0.2987, 0.3912]","[371.0892, 501.8808, 1202.4457, 1678.6749, 2511.5204, 3181.6646, 3409.347, 4154.3644, 4592.0792, 4918.5787, 5108.8606, 5578.9469, 6546.4891, 6859.5434, 0.0]",success,
0.95,1,0.001,15,1,1.4506,"[4, 7, 13, 8, 12, 10, 9, 1, 11, 3, 6, 5, 2, 14, 0]","[0.3863, 0.1849, 0.0901, 0.2592, 0.1612, 0.2857, 0.0726, 0.2256, 0.2353, 0.1229, 0.2922, 0.2809, 0.2987, 0.3912]","[371.0892, 501.8808, 1202.4457, 1678.6749, 2511.5204, 3181.6646, 3409.347, 4154.3644, 4592.0792, 4918.5787, 5108.8606, 5578.9469, 6546.4891, 6859.5434, 0.0]",success,
0.95,1,0.01,15,1,1.4218,"[4, 7, 13, 8, 12, 10, 9, 1, 11, 3, 6, 5, 2, 14, 0]","[0.3863, 0.1849, 0.0901, 0.2592, 0.1612, 0.2857, 0.0726, 0.2256, 0.2353, 0.1229, 0.2922, 0.2809, 0.2987, 0.3912]","[371.0892, 501.8808, 1202.4457, 1678.6749, 2511.5204, 3181.6646, 3409.347, 4154.3644, 4592.0792, 4918.5787, 5108.8606, 5578.9469, 6546.4891, 6859.5434, 0.0]",success,
0.95,1,0.3,15,7,1.0849,"[7, 8, 13, 0, 12, 10, 0, 11, 1, 9, 0, 6, 3, 0, 5, 2, 0, 14, 0, 4, 0]","[0.1976, 0.0901, 0.4574, 0.4132, 0.1612, 0.2963, 0.6133, 0.2256, 0.0726, 0.3531, 0.3534, 0.1229, 0.3873, 0.4459, 0.2809, 0.6252, 0.3912, 0.3912, 0.3752, 0.3752]","[130.7916, 607.0208, 1307.5856, 0.0, 832.8455, 1502.9897, 0.0, 437.7148, 1182.7322, 1410.4146, 0.0, 190.2819, 516.7814, 0.0, 470.0863, 1437.6285, 0.0, 313.0543, 0.0, 371.0892, 0.0]",success,
0.95,1,1.0,15,14,1.0,"[8, 0, 13, 0, 7, 0, 5, 0, 6, 0, 9, 0, 1, 0, 3, 0, 2, 0, 14, 0, 4, 0, 12, 0, 10, 0, 11, 0]","[0.4396, 0.4574, 0.4574, 0.2786, 0.2786, 0.4459, 0.4459, 0.3534, 0.3534, 0.3531, 0.3531, 0.4093, 0.4093, 0.3873, 0.3873, 0.6252, 0.6252, 0.3912, 0.3912, 0.3752, 0.3752, 0.4132, 0.4132, 0.2963, 0.2963, 0.6133, 0.6133]","[476.2292, 0.0, 700.5648, 0.0, 130.7916, 0.0, 470.0863, 0.0, 190.2819, 0.0, 227.6824, 0.0, 745.0174, 0.0, 326.4995, 0.0, 967.5422, 0.0, 313.0543, 0.0, 371.0892, 0.0, 832.8455, 0.0, 670.1442, 0.0, 437.7148, 0.0]",success,
0.95,10000,0.0001,15,1,1.4532,"[4, 7, 13, 8, 12, 10, 9, 1, 11, 3, 6, 5, 2, 14, 0]","[0.3863, 0.1849, 0.0901, 0.2592, 0.1612, 0.2857, 0.0726, 0.2256, 0.2353, 0.1229, 0.2922, 0.2809, 0.2987, 0.3912]","[371.0892, 501.8808, 1202.4457, 1678.6749, 2511.5204, 3181.6646, 3409.347, 4154.3644, 4592.0792, 4918.5787, 5108.8606, 5578.9469, 6546.4891, 6859.5434, 0.0]",success,
0.95,10000,0.001,15,1,1.4473,"[4, 7, 13, 8, 12, 10, 9, 1, 11, 3, 6, 5, 2, 14, 0]","[0.3863, 0.1849, 0.0901, 0.2592, 0.1612, 0.2857, 0.0726, 0.2256, 0.2353, 0.1229, 0.2922, 0.2809, 0.2987, 0.3912]","[371.0892, 501.8808, 1202.4457, 1678.6749, 2511.5204, 3181.6646, 3409.347, 4154.3644, 4592.0792, 4918.5787, 5108.8606, 5578.9469, 6546.4891, 6859.5434, 0.0]",success,
0.95,10000,0.01,15,1,1.3906,"[4, 7, 13, 8, 12, 10, 9, 1, 11, 3, 6, 5, 2, 14, 0]","[0.3863, 0.1849, 0.0901, 0.2592, 0.1612, 0.2857, 0.0726, 0.2256, 0.2353, 0.1229, 0.2922, 0.2809, 0.2987, 0.3912]","[371.0892, 501.8808, 1202.4457, 1678.6749, 2511.5204, 3181.6646, 3409.347, 4154.3644, 4592.0792, 4918.5787, 5108.8606, 5578.9469, 6546.4891, 6859.5434, 0.0]",success,
0.95,10000,0.3,15,10,1.0375,"[7, 0, 14, 0, 8, 13, 0, 12, 10, 0, 9, 1, 0, 11, 0, 6, 3, 0, 5, 0, 2, 0, 4, 0]","[0.2786, 0.3912, 0.3912, 0.4396, 0.0901, 0.4574, 0.4132, 0.1612, 0.2963, 0.3531, 0.0726, 0.4093, 0.6133, 0.6133, 0.3534, 0.1229, 0.3873, 0.4459, 0.4459, 0.6252, 0.6252, 0.3752, 0.3752]","[130.7916, 0.0, 313.0543, 0.0, 476.2292, 1176.7941, 0.0, 832.8455, 1502.9897, 0.0, 227.6824, 972.6998, 0.0, 437.7148, 0.0, 190.2819, 516.7814, 0.0, 470.0863, 0.0, 967.5422, 0.0, 371.0892, 0.0]",success,
0.95,10000,1.0,15,14,1.0,"[1, 0, 14, 0, 13, 0, 2, 0, 7, 0, 9, 0, 4, 0, 5, 0, 3, 0, 10, 0, 11, 0, 6, 0, 12, 0, 8, 0]","[0.4093, 0.3912, 0.3912, 0.4574, 0.4574, 0.6252, 0.6252, 0.2786, 0.2786, 0.3531, 0.3531, 0.3752, 0.3752, 0.4459, 0.4459, 0.3873, 0.3873, 0.2963, 0.2963, 0.6133, 0.6133, 0.3534, 0.3534, 0.4132, 0.4132, 0.4396, 0.4396]","[745.0174, 0.0, 313.0543, 0.0, 700.5648, 0.0, 967.5422, 0.0, 130.7916, 0.0, 227.6824, 0.0, 371.0892, 0.0, 470.0863, 0.0, 326.4995, 0.0, 670.1442, 0.0, 437.7148, 0.0, 190.2819, 0.0, 832.8455, 0.0, 476.2292, 0.0]",success,
0.95,1000000,0.0001,15,1,1.453,"[4, 7, 13, 8, 12, 10, 9, 1, 11, 3, 6, 5, 2, 14, 0]","[0.3863, 0.1849, 0.0901, 0.2592, 0.1612, 0.2857, 0.0726, 0.2256, 0.2353, 0.1229, 0.2922, 0.2809, 0.2987, 0.3912]","[371.0892, 501.8808, 1202.4457, 1678.6749, 2511.5204, 3181.6646, 3409.347, 4154.3644, 4592.0792, 4918.5787, 5108.8606, 5578.9469, 6546.4891, 6859.5434, 0.0]",success,
0.95,1000000,0.001,15,1,1.4457,"[4, 7, 13, 8, 12, 10, 9, 1, 11, 3, 6, 5, 2, 14, 0]","[0.3863, 0.1849, 0.0901, 0.2592, 0.1612, 0.2857, 0.0726, 0.2256, 0.2353, 0.1229, 0.2922, 0.2809, 0.2987, 0.3912]","[371.0892, 501.8808, 1202.4457, 1678.6749, 2511.5204, 3181.6646, 3409.347, 4154.3644, 4592.0792, 4918.5787, 5108.8606, 5578.9469, 6546.4891, 6859.5434, 0.0]",success,
0.95,1000000,0.01,15,1,1.3756,"[4, 7, 13, 8, 12, 10, 9, 1, 11, 3, 6, 5, 2, 14, 0]","[0.3863, 0.1849, 0.0901, 0.2592, 0.1612, 0.2857, 0.0726, 0.2256, 0.2353, 0.1229, 0.2922, 0.2809, 0.2987, 0.3912]","[371.0892, 501.8808, 1202.4457, 1678.6749, 2511.5204, 3181.6646, 3409.347, 4154.3644, 4592.0792, 4918.5787, 5108.8606, 5578.9469, 6546.4891, 6859.5434, 0.0]",success,
0.95,1000000,0.3,15,10,1.0358,"[8, 13, 0, 12, 10, 0, 5, 0, 4, 0, 11, 0, 14, 0, 9, 1, 0, 7, 0, 2, 0, 6, 3, 0]","[0.0901, 0.4574, 0.4132, 0.1612, 0.2963, 0.4459, 0.4459, 0.3752, 0.3752, 0.6133, 0.6133, 0.3912, 0.3912, 0.3531, 0.0726, 0.4093, 0.2786, 0.2786, 0.6252, 0.6252, 0.3534, 0.1229, 0.3873]","[476.2292, 1176.7941, 0.0, 832.8455, 1502.9897, 0.0, 470.0863, 0.0, 371.0892, 0.0, 437.7148, 0.0, 313.0543, 0.0, 227.6824, 972.6998, 0.0, 130.7916, 0.0, 967.5422, 0.0, 190.2819, 516.7814, 0.0]",success,
0.95,1000000,1.0,15,14,1.0,"[4, 0, 2, 0, 14, 0, 5, 0, 12, 0, 10, 0, 7, 0, 8, 0, 13, 0, 6, 0, 9, 0, 3, 0, 11, 0, 1, 0]","[0.3752, 0.6252, 0.6252, 0.3912, 0.3912, 0.4459, 0.4459, 0.4132, 0.4132, 0.2963, 0.2963, 0.2786, 0.2786, 0.4396, 0.4396, 0.4574, 0.4574, 0.3534, 0.3534, 0.3531, 0.3531, 0.3873, 0.3873, 0.6133, 0.6133, 0.4093, 0.4093]","[371.0892, 0.0, 967.5422, 0.0, 313.0543, 0.0, 470.0863, 0.0, 832.8455, 0.0, 670.1442, 0.0, 130.7916, 0.0, 476.2292, 0.0, 700.5648, 0.0, 190.2819, 0.0, 227.6824, 0.0, 326.4995, 0.0, 437.7148, 0.0, 745.0174, 0.0]",success,
0.95,10000000.0,0.0001,15,1,1.4529,"[4, 7, 13, 8, 12, 10, 9, 1, 11, 3, 6, 5, 2, 14, 0]","[0.3863, 0.1849, 0.0901, 0.2592, 0.1612, 0.2857, 0.0726, 0.2256, 0.2353, 0.1229, 0.2922, 0.2809, 0.2987, 0.3912]","[371.0892, 501.8808, 1202.4457, 1678.6749, 2511.5204, 3181.6646, 3409.347, 4154.3644, 4592.0792, 4918.5787, 5108.8606, 5578.9469, 6546.4891, 6859.5434, 0.0]",success,
0.95,10000000.0,0.001,15,1,1.4449,"[4, 7, 13, 8, 12, 10, 9, 1, 11, 3, 6, 5, 2, 14, 0]","[0.3863, 0.1849, 0.0901, 0.2592, 0.1612, 0.2857, 0.0726, 0.2256, 0.2353, 0.1229, 0.2922, 0.2809, 0.2987, 0.3912]","[371.0892, 501.8808, 1202.4457, 1678.6749, 2511.5204, 3181.6646, 3409.347, 4154.3644, 4592.0792, 4918.5787, 5108.8606, 5578.9469, 6546.4891, 6859.5434, 0.0]",success,
0.95,10000000.0,0.01,15,1,1.3683,"[4, 7, 13, 8, 12, 10, 9, 1, 11, 3, 6, 5, 2, 14, 0]","[0.3863, 0.1849, 0.0901, 0.2592, 0.1612, 0.2857, 0.0726, 0.2256, 0.2353, 0.1229, 0.2922, 0.2809, 0.2987, 0.3912]","[371.0892, 501.8808, 1202.4457, 1678.6749, 2511.5204, 3181.6646, 3409.347, 4154.3644, 4592.0792, 4918.5787, 5108.8606, 5578.9469, 6546.4891, 6859.5434, 0.0]",success,
0.95,10000000.0,0.3,15,10,1.0355,"[8, 13, 0, 12, 10, 0, 9, 1, 0, 5, 0, 11, 0, 14, 0, 6, 3, 0, 4, 0, 7, 0, 2, 0]","[0.0901, 0.4574, 0.4132, 0.1612, 0.2963, 0.3531, 0.0726, 0.4093, 0.4459, 0.4459, 0.6133, 0.6133, 0.3912, 0.3912, 0.3534, 0.1229, 0.3873, 0.3752, 0.3752, 0.2786, 0.2786, 0.6252, 0.6252]","[476.2292, 1176.7941, 0.0, 832.8455, 1502.9897, 0.0, 227.6824, 972.6998, 0.0, 470.0863, 0.0, 437.7148, 0.0, 313.0543, 0.0, 190.2819, 516.7814, 0.0, 371.0892, 0.0, 130.7916, 0.0, 967.5422, 0.0]",success,
0.95,10000000.0,1.0,15,14,1.0,"[14, 0, 3, 0, 2, 0, 10, 0, 7, 0, 1, 0, 4, 0, 9, 0, 12, 0, 5, 0, 13, 0, 8, 0, 6, 0, 11, 0]","[0.3912, 0.3873, 0.3873, 0.6252, 0.6252, 0.2963, 0.2963, 0.2786, 0.2786, 0.4093, 0.4093, 0.3752, 0.3752, 0.3531, 0.3531, 0.4132, 0.4132, 0.4459, 0.4459, 0.4574, 0.4574, 0.4396, 0.4396, 0.3534, 0.3534, 0.6133, 0.6133]","[313.0543, 0.0, 326.4995, 0.0, 967.5422, 0.0, 670.1442, 0.0, 130.7916, 0.0, 745.0174, 0.0, 371.0892, 0.0, 227.6824, 0.0, 832.8455, 0.0, 470.0863, 0.0, 700.5648, 0.0, 476.2292, 0.0, 190.2819, 0.0, 437.7148, 0.0]",success,
